{"cameraMode":{"drawMode":0,"name":"Shaded","section":"Shading Mode"},"sceneLighting":true,"audioPlay":false,"sceneViewState":{"showFog":true,"showMaterialUpdate":false,"showSkybox":true,"showFlares":true,"showImageEffects":true,"showParticleSystems":true},"in2DMode":false,"pivot":{"x":0.06854248046875,"y":49.98435974121094,"z":9.9000244140625},"rotation":{"x":0.12053725868463516,"y":0.18586744368076325,"z":-0.02298242412507534,"w":0.9748824834823608},"size":1469.968017578125,"orthographic":false}