{"cameraMode":{"drawMode":0,"name":"Shaded","section":"Shading Mode"},"sceneLighting":true,"audioPlay":false,"sceneViewState":{"showFog":true,"showMaterialUpdate":false,"showSkybox":true,"showFlares":true,"showImageEffects":true,"showParticleSystems":true},"in2DMode":false,"pivot":{"x":366.2046813964844,"y":150.0,"z":552.117919921875},"rotation":{"x":0.12053725868463516,"y":0.18586744368076325,"z":-0.02298242412507534,"w":0.9748824834823608},"size":5177.49560546875,"orthographic":false}