{"cameraMode":{"drawMode":0,"name":"Shaded","section":"Shading Mode"},"sceneLighting":true,"audioPlay":false,"sceneViewState":{"showFog":true,"showMaterialUpdate":false,"showSkybox":true,"showFlares":true,"showImageEffects":true,"showParticleSystems":true},"in2DMode":false,"pivot":{"x":0.06853866577148438,"y":49.984352111816409,"z":9.900005340576172},"rotation":{"x":-0.13001736998558045,"y":0.21241487562656403,"z":-0.02852882444858551,"w":-0.9680711030960083},"size":286.95538330078127,"orthographic":false}