{"cameraMode":{"drawMode":0,"name":"Shaded","section":"Shading Mode"},"sceneLighting":true,"audioPlay":false,"sceneViewState":{"showFog":true,"showMaterialUpdate":false,"showSkybox":true,"showFlares":true,"showImageEffects":true,"showParticleSystems":true},"in2DMode":false,"pivot":{"x":1.0671215057373047,"y":-0.9015648365020752,"z":1.4564090967178345},"rotation":{"x":-0.09200232475996018,"y":-0.23461101949214936,"z":0.02231011725962162,"w":-0.9674686193466187},"size":1.7420997619628907,"orthographic":false}