{"cameraMode":{"drawMode":0,"name":"Shaded","section":"Shading Mode"},"sceneLighting":true,"audioPlay":false,"sceneViewState":{"showFog":true,"showMaterialUpdate":false,"showSkybox":true,"showFlares":true,"showImageEffects":true,"showParticleSystems":true},"in2DMode":false,"pivot":{"x":14.40610408782959,"y":53.31894302368164,"z":-6.134369373321533},"rotation":{"x":0.049499716609716418,"y":0.8370915055274963,"z":-0.07682190835475922,"w":0.5393756031990051},"size":2599.85693359375,"orthographic":false}