{"cameraMode":{"drawMode":0,"name":"Shaded","section":"Shading Mode"},"sceneLighting":true,"audioPlay":false,"sceneViewState":{"showFog":true,"showMaterialUpdate":false,"showSkybox":true,"showFlares":true,"showImageEffects":true,"showParticleSystems":true},"in2DMode":false,"pivot":{"x":14.40610408782959,"y":53.31894302368164,"z":-6.134369373321533},"rotation":{"x":0.011596539057791233,"y":-0.8333657383918762,"z":-0.01749773696064949,"w":-0.5523232817649841},"size":0.3452344536781311,"orthographic":false}