{"cameraMode":{"drawMode":0,"name":"Shaded","section":"Shading Mode"},"sceneLighting":true,"audioPlay":false,"sceneViewState":{"showFog":true,"showMaterialUpdate":false,"showSkybox":true,"showFlares":true,"showImageEffects":true,"showParticleSystems":true},"in2DMode":false,"pivot":{"x":-196.4883270263672,"y":112.36170959472656,"z":263.20318603515627},"rotation":{"x":-0.013701316900551319,"y":0.5581045150756836,"z":-0.009217221289873124,"w":-0.8296064138412476},"size":357.4325866699219,"orthographic":false}