{"cameraMode":{"drawMode":0,"name":"Shaded","section":"Shading Mode"},"sceneLighting":true,"audioPlay":false,"sceneViewState":{"showFog":true,"showMaterialUpdate":false,"showSkybox":true,"showFlares":true,"showImageEffects":true,"showParticleSystems":true},"in2DMode":false,"pivot":{"x":-104.66751098632813,"y":-96.67080688476563,"z":274.4569091796875},"rotation":{"x":0.10272077471017838,"y":0.19678370654582978,"z":0.020735809579491617,"w":-0.9748306274414063},"size":984.3060302734375,"orthographic":false}