{"cameraMode":{"drawMode":0,"name":"Shaded","section":"Shading Mode"},"sceneLighting":true,"audioPlay":false,"sceneViewState":{"showFog":true,"showMaterialUpdate":false,"showSkybox":true,"showFlares":true,"showImageEffects":true,"showParticleSystems":true},"in2DMode":false,"pivot":{"x":0.4350000023841858,"y":0.0,"z":0.7710000276565552},"rotation":{"x":-0.21437370777130128,"y":0.04744638130068779,"z":-0.010425969026982785,"w":-0.9755429625511169},"size":4.041658401489258,"orthographic":false}