{"cameraMode":{"drawMode":0,"name":"Shaded","section":"Shading Mode"},"sceneLighting":true,"audioPlay":false,"sceneViewState":{"showFog":true,"showMaterialUpdate":false,"showSkybox":true,"showFlares":true,"showImageEffects":true,"showParticleSystems":true},"in2DMode":false,"pivot":{"x":74.94328308105469,"y":-66.7891845703125,"z":210.0496826171875},"rotation":{"x":-0.27630093693733218,"y":-0.2223212867975235,"z":0.06586138904094696,"w":-0.9326807260513306},"size":1331.952392578125,"orthographic":false}